date|id|url|type|summary|social|economic|sustainable|politic|citizen|worker|rights|score

22/06/2023|288649|https://www.boletinoficial.gob.ar/detalleAviso/primera/288649/20230628|CONTRATOS|"El Gobierno de Argentina suscribirá un contrato de préstamo con el Banco Interamericano de Desarrollo por USD 350 millones para financiar el Programa de Apoyo a Políticas Públicas para el Crecimiento Sostenible y Resiliente de Argentina II. El programa busca fortalecer la capacidad del gobierno en acción climática, impulsar la economía circular y desarrollar finanzas sostenibles. #Argentina #BID #CrecimientoSostenible #FinanzasSostenibles

Detalles: El contrato de préstamo propuesto por el Banco Interamericano de Desarrollo (BID) busca asistir financieramente a Argentina con USD 350 millones para implementar el Programa de Apoyo a Políticas Públicas para el Crecimiento Sostenible y Resiliente de Argentina II. El objetivo del programa es contribuir a un crecimiento sostenible y resiliente del país, fortaleciendo la capacidad del gobierno en acción climática, impulsando la economía circular y desarrollando un marco favorable para las finanzas sostenibles. El Ministerio de Economía será el encargado de ejecutar el programa y utilizar los recursos del financiamiento."|0|1|1|0|1|1|0|80
22/06/2023|288650|https://www.boletinoficial.gob.ar/detalleAviso/primera/288650/20230628|ADMINISTRACIÓN DE PARQUES NACIONALES|Se rectifica parcialmente el Anexo de la Resolución sobre el otorgamiento de la Bonificación por Desempeño Destacado correspondiente a funciones simples del período 2021. Se determina el cálculo y pago de intereses a posteriori. Más detalles en el Boletín Oficial.|0|0|0|0|0|0|0|0
22/06/2023|288651|https://www.boletinoficial.gob.ar/detalleAviso/primera/288651/20230628|ADMINISTRACIÓN FEDERAL DE INGRESOS PÚBLICOS SUBDIRECCIÓN GENERAL DE OPERACIONES ADUANERAS DEL INTERIOR|"Se aprueba la habilitación de un depósito fiscal particular en Salta. La firma ""REFINERIA DEL NORTE S.A."" podrá operar el tanque fiscal TK06 ubicado en Ruta Provincial Nº 54, km 7, PARAJE CAMPO DURAN. La habilitación tendrá una vigencia de 10 años. #DepósitoFiscal #Salta"|0|0|0|0|0|0|0|0
22/06/2023|288652|https://www.boletinoficial.gob.ar/detalleAviso/primera/288652/20230628|AGENCIA DE ADMINISTRACIÓN DE BIENES DEL ESTADO|Se otorga un permiso precario de uso oneroso a Ana Karina BOTTO para utilizar un local comercial en Mar del Plata por 36 meses. La Agencia de Administración de Bienes del Estado aprueba la solicitud. #Argentina #BoletinOficial|0|0|0|0|0|0|0|20
22/06/2023|288653|https://www.boletinoficial.gob.ar/detalleAviso/primera/288653/20230628|AGENCIA DE ADMINISTRACIÓN DE BIENES DEL ESTADO|Se otorga un Permiso Precario de Uso Oneroso a VELOXX MDQ SOCIEDAD DE RESPONSABILIDAD LIMITADA para dos locales comerciales en Mar del Plata. Duración de 36 meses para venta de indumentaria.|0|0|0|0|0|0|0|20
22/06/2023|288654|https://www.boletinoficial.gob.ar/detalleAviso/primera/288654/20230628|AGENCIA DE ADMINISTRACIÓN DE BIENES DEL ESTADO|Se aprueba la venta de un inmueble en la localidad de La Banda, Santiago del Estero, a través de una subasta pública. El inmueble tiene una superficie de 1.240 m2 y fue adjudicado al Sr. Oscar Eduardo González Filippa por un monto de $16.500.000.|0|0|0|0|0|0|0|0
23/06/2023|288655|https://www.boletinoficial.gob.ar/detalleAviso/primera/288655/20230628|ENTE NACIONAL REGULADOR DE LA ELECTRICIDAD|La Empresa de Transporte de Energía Eléctrica por Distribución Troncal de la Provincia de Buenos Aires Sociedad Anónima (TRANSBA S.A.) solicitó la ampliación de la capacidad de transporte de energía eléctrica en la Estación Transformadora Villa Lía. Se construirá una playa de maniobras y una línea de alta tensión de 132 kV. La obra mejorará el desempeño de la red eléctrica. Audiencia Pública el 3 de agosto de 2023. #EnergíaEléctrica #Ampliación #AudienciaPública #Argentina|0|1|0|0|1|1|0|75
22/06/2023|288656|https://www.boletinoficial.gob.ar/detalleAviso/primera/288656/20230628|INSTITUTO NACIONAL DE SEMILLAS|"El Instituto Nacional de Semillas actualiza el listado de marcadores basados en ADN para variedades fitogenéticas. Se ha discontinuado la tecnología anterior y se ha implementado una nueva tecnología de visualización de marcadores. No se requiere ajustar los perfiles ya presentados. #INASE #marcadoresADN #variedadesfitogenéticas

En el Boletín Oficial se publicó la Resolución N° RESOL-2019-296-APN-INASE#MAGYP del Instituto Nacional de Semillas, en la cual se establece la actualización del listado de marcadores basados en ADN para las nuevas creaciones fitogenéticas. Se ha discontinuado la tecnología anterior y se ha implementado una nueva tecnología de visualización de marcadores. No se requiere ajustar los perfiles ya presentados hasta la fecha de la presente adenda. Esta medida ha sido avalada por la Comisión Nacional de Semillas y las direcciones competentes del INASE."|0|0|0|0|0|0|0|20
22/06/2023|288657|https://www.boletinoficial.gob.ar/detalleAviso/primera/288657/20230628|JEFATURA DE GABINETE DE MINISTROS SECRETARÍA DE GESTIÓN Y EMPLEO PÚBLICO|Se aprueban las Órdenes de Mérito para la cobertura de cargos vacantes en el MINISTERIO DE ECONOMÍA. Detalles en el Boletín Oficial. #empleopúblico #coberturadecargos #MinisterioDeEconomía|0|0|0|0|0|0|0|0
22/06/2023|288658|https://www.boletinoficial.gob.ar/detalleAviso/primera/288658/20230628|JEFATURA DE GABINETE DE MINISTROS SECRETARÍA DE GESTIÓN Y EMPLEO PÚBLICO|Se aprueban las bases del concurso para cubrir tres cargos vacantes en el Ministerio de Desarrollo Territorial y Hábitat. El período de inscripción será del 10 al 19 de julio de 2023. Más información en http://www.argentina.gob.ar/concursar. #empleopúblico #concurso #MinisterioDesarrolloTerritorialHábitat|0|0|0|0|0|0|0|0
22/06/2023|288659|https://www.boletinoficial.gob.ar/detalleAviso/primera/288659/20230628|JEFATURA DE GABINETE DE MINISTROS SECRETARÍA DE GESTIÓN Y EMPLEO PÚBLICO|Se aprueba el Orden de Mérito para la cobertura de cargos vacantes y financiados en el Servicio Geológico Minero Argentino. No tiene relevancia social, económica, ecológica, sustentable, política ni para el ciudadano común o el trabajador promedio. Puntuación: 0/100.|0|0|0|0|0|0|0|0
22/06/2023|288660|https://www.boletinoficial.gob.ar/detalleAviso/primera/288660/20230628|JEFATURA DE GABINETE DE MINISTROS SECRETARÍA DE GESTIÓN Y EMPLEO PÚBLICO|Se aprueban órdenes de mérito para la cobertura de cargos vacantes en el Servicio Geológico Minero Argentino. No se declaran ganadores para otros cargos. Detalles en el Boletín Oficial. #empleopúblico #coberturadecargos #SGMA|0|0|0|0|0|0|0|0
22/06/2023|288661|https://www.boletinoficial.gob.ar/detalleAviso/primera/288661/20230628|JEFATURA DE GABINETE DE MINISTROS SECRETARÍA DE GESTIÓN Y EMPLEO PÚBLICO|Se inicia el proceso de selección para cubrir cuatro cargos vacantes en la Procuración del Tesoro de la Nación. El proceso se realizará mediante convocatoria interna y se requiere experiencia laboral en la Administración Pública Nacional. Detalles en el Boletín Oficial.|0|0|0|0|0|0|0|0
22/06/2023|288662|https://www.boletinoficial.gob.ar/detalleAviso/primera/288662/20230628|JEFATURA DE GABINETE DE MINISTROS SECRETARÍA DE INNOVACIÓN PÚBLICA|Se ha publicado una resolución que modifica el Anexo al artículo 5° del Decreto N° 856 del 22 de julio de 1998. Esta medida establece los elementos exentos de la intervención de la DIRECCIÓN DE ESTÁNDARES TECNOLÓGICOS de la OFICINA NACIONAL DE TECNOLOGÍAS DE INFORMACIÓN. #Resolución #Tecnología #Gobierno|0|0|0|0|0|0|0|0
22/06/2023|288663|https://www.boletinoficial.gob.ar/detalleAviso/primera/288663/20230628|MINISTERIO DE AMBIENTE Y DESARROLLO SOSTENIBLE|"Se aprueba la Estrategia de Desarrollo Resiliente con Bajas Emisiones a Largo Plazo al 2050 y se crea el Programa Nacional de Escenarios de Largo Plazo. El objetivo es reducir los impactos negativos al ambiente y promover la participación ciudadana e institucional. #CambioClimático #DesarrolloSostenible #Argentina

En el documento se establece la aprobación de la Estrategia de Desarrollo Resiliente con Bajas Emisiones a Largo Plazo al 2050, la cual busca reducir los impactos negativos al ambiente y promover un desarrollo sostenible. Además, se crea el Programa Nacional de Escenarios de Largo Plazo, el cual tiene como objetivo impulsar la participación ciudadana e institucional en la actualización de la estrategia. Esta medida busca involucrar a diversos sectores y actores de la economía y del país en la lucha contra el cambio climático."|0|0|1|0|1|1|1|80
22/06/2023|288664|https://www.boletinoficial.gob.ar/detalleAviso/primera/288664/20230628|MINISTERIO DE AMBIENTE Y DESARROLLO SOSTENIBLE|El Ministerio de Ambiente y Desarrollo Sostenible aprueba el Programa de Gestión Integral de Residuos Sólidos Urbanos II, con el objetivo de disminuir la disposición de RSU en basurales a cielo abierto y aumentar la disposición adecuada en rellenos sanitarios. El proyecto beneficiará a más de 400,000 habitantes en Santiago del Estero. #Ambiente #Residuos #Sostenibilidad #Argentina|0|1|1|0|1|1|0|80
22/06/2023|288665|https://www.boletinoficial.gob.ar/detalleAviso/primera/288665/20230628|MINISTERIO DE CULTURA|"El Ministerio de Cultura adjudica los premios de poesía ""Storni"" 2023 del Centro Cultural del Bicentenario ""Presidente Dr. Néstor Carlos Kirchner"". Se recibieron 1452 inscripciones y se asignó una suma total de hasta $800.000. Más detalles en el Boletín Oficial."|0|0|0|0|0|0|0|0
22/06/2023|288666|https://www.boletinoficial.gob.ar/detalleAviso/primera/288666/20230628|MINISTERIO DE DESARROLLO SOCIAL|Se aprueba la promoción por evaluación y mérito del agente Dino Alfredo Molina Quicaño en el Sistema Nacional de Empleo Público. No se considera relevante desde un punto de vista social, económico, ecológico, político, para el ciudadano común ni para el trabajador promedio. No expande ni vulnera derechos primordiales. Puntuación: 0/100.|0|0|0|0|0|0|0|0
22/06/2023|288667|https://www.boletinoficial.gob.ar/detalleAviso/primera/288667/20230628|MINISTERIO DE DESARROLLO SOCIAL|Se aprueba la promoción de un agente en el Sistema Nacional de Empleo Público. No tiene relevancia social, económica, ecológica, política ni para el ciudadano común o trabajador promedio. No expande ni vulnera derechos primordiales. Puntuación: 0/100.|0|0|0|0|0|0|0|0
22/06/2023|288668|https://www.boletinoficial.gob.ar/detalleAviso/primera/288668/20230628|MINISTERIO DE DESARROLLO SOCIAL|Se aprueba la promoción de un agente en el Sistema Nacional de Empleo Público. No tiene relevancia social, económica, ecológica, política ni para el ciudadano común o trabajador promedio. No expande ni vulnera derechos primordiales. Puntuación: 0/100.|0|0|0|0|0|0|0|0
22/06/2023|288669|https://www.boletinoficial.gob.ar/detalleAviso/primera/288669/20230628|MINISTERIO DE DESARROLLO SOCIAL|El Ministerio de Desarrollo Social aprueba la promoción de un agente al Nivel A del Sistema Nacional de Empleo Público. El agente ocupará el puesto de Analista de Servicios a la Ciudadanía con orientación en Estrategias de Abordaje en Problemáticas Sociales de Niñez, Adolescencia y Familia. #empleopúblico #promoción #desarrollosocial|0|0|0|0|0|0|0|0
22/06/2023|288670|https://www.boletinoficial.gob.ar/detalleAviso/primera/288670/20230628|MINISTERIO DE ECONOMÍA|"El Ministerio de Economía asigna funciones transitorias a María Inés Dalton como Directora de Estadísticas del Comercio Exterior en el INDEC. La asignación se extenderá por un máximo de tres años. #INDEC #MinisterioDeEconomía #AsignaciónTransitoria

En el documento se establece que a partir del 1° de febrero de 2023, María Inés Dalton será la Directora de Estadísticas del Comercio Exterior en el INDEC, organismo dependiente del Ministerio de Economía. Esta asignación será de carácter transitorio y se extenderá hasta que se realice la cobertura definitiva del cargo, no pudiendo superar los tres años. El gasto que esto genere será imputado al presupuesto del INDEC para el año 2023."|0|0|0|0|0|0|0|10
22/06/2023|288671|https://www.boletinoficial.gob.ar/detalleAviso/primera/288671/20230628|MINISTERIO DE ECONOMÍA|El Ministerio de Economía asigna funciones transitorias a Marcelo Rubén Preter como Director de Relaciones Institucionales del Tribunal Fiscal de la Nación. Esta asignación se extenderá hasta que se realice la cobertura definitiva del cargo. El gasto será imputado al presupuesto del Ministerio de Economía.|0|0|0|0|0|0|0|0
22/06/2023|288672|https://www.boletinoficial.gob.ar/detalleAviso/primera/288672/20230628|MINISTERIO DE ECONOMÍA|El Ministerio de Economía designa a agentes de la Secretaría de Agricultura, Ganadería y Pesca en puestos y niveles específicos. El gasto será imputado al presupuesto del Ejercicio 2023. Más detalles en el Boletín Oficial.|0|0|0|0|0|0|0|0
22/06/2023|288673|https://www.boletinoficial.gob.ar/detalleAviso/primera/288673/20230628|MINISTERIO DE ECONOMÍA|"Se aprueba la Bonificación por Desempeño Destacado para la agente Pamela Verónica Morales del ex Ministerio de Desarrollo Productivo, actualmente dependiente del Ministerio de Economía. El gasto será imputado a las partidas presupuestarias correspondientes a la Jurisdicción 50 para el Ejercicio 2023. #Bonificación #PersonalPúblico #MinisterioDeEconomía

En el documento se aprueba la Bonificación por Desempeño Destacado para la agente Pamela Verónica Morales, perteneciente a la planta permanente de la ex Unidad de Gabinete de Asesores del ex Ministerio de Desarrollo Productivo, actualmente dependiente del Ministerio de Economía. Esta bonificación corresponde a las funciones ejecutivas del período 2021. El gasto que demande esta resolución será imputado a las partidas presupuestarias correspondientes a la Jurisdicción 50 para el Ejercicio 2023."|0|0|0|0|0|0|0|0
22/06/2023|288674|https://www.boletinoficial.gob.ar/detalleAviso/primera/288674/20230628|MINISTERIO DE ECONOMÍA|"Se aprobó un contrato para el transporte de gas natural por el Gasoducto Presidente Néstor Kirchner. El objetivo es sustituir importaciones de combustibles y reducir los subsidios. El contrato garantiza ingresos para ampliar el sistema de transporte de gas en todo el país. #Gasoducto #Energía #Transporte #GasNatural

El Gasoducto Presidente Néstor Kirchner, que une la localidad de Tratayén en la provincia de Neuquén con Salliqueló en la provincia de Buenos Aires, está próximo a finalizar y se espera que esté en funcionamiento el 20 de junio de 2023. Tendrá una capacidad inicial de 11 millones de metros cúbicos por día, que se espera aumentar a 21 millones en los próximos meses. El objetivo principal es promover la producción de gas natural argentino y reducir la dependencia de las importaciones de combustibles. El contrato aprobado entre ENARSA y CAMMESA garantiza que el gasoducto pueda sustituir las importaciones de combustibles para abastecer a las centrales de generación térmica, lo que reducirá los subsidios anuales. Además, los ingresos generados por el contrato se destinarán a la expansión del sistema de transporte de gas en todo el país. #Gasoducto #Energía #Transporte #GasNatural"|0|1|0|0|1|1|0|80
22/06/2023|288675|https://www.boletinoficial.gob.ar/detalleAviso/primera/288675/20230628|MINISTERIO DE ECONOMÍA SECRETARÍA DE ENERGÍA|"Se adjudican volúmenes de gas natural a la empresa PETROMINERA CHUBUT SOCIEDAD DEL ESTADO en el marco del Concurso Público Nacional. El contrato será suscrito con la COMPAÑÍA ADMINISTRADORA DEL MERCADO MAYORISTA ELÉCTRICO S.A. (CAMMESA). #GasNatural #Adjudicación

Detalles: En el marco del Concurso Público Nacional, la empresa PETROMINERA CHUBUT SOCIEDAD DEL ESTADO ha sido adjudicada con volúmenes de gas natural. El contrato será suscrito con la COMPAÑÍA ADMINISTRADORA DEL MERCADO MAYORISTA ELÉCTRICO S.A. (CAMMESA). Esta medida busca promover la producción de gas natural y garantizar el abastecimiento interno. #GasNatural #Adjudicación"|0|1|0|0|1|1|0|70
22/06/2023|288676|https://www.boletinoficial.gob.ar/detalleAviso/primera/288676/20230628|MINISTERIO DE ECONOMÍA SECRETARÍA DE ENERGÍA|Autorizan el ingreso de la empresa INDUSTRIAS JUAN F. SECCO S.A. al MERCADO ELÉCTRICO MAYORISTA (MEM) para su Central Térmica a biogás San Martín Norte III GC en Tigre, Buenos Aires. La potencia será de 5 MW y se conectará al Sistema Argentino de Interconexión (SADI) a través de la Estación Transformadora Rotonda de EDENOR S.A.|0|0|0|0|0|0|0|0
22/06/2023|288677|https://www.boletinoficial.gob.ar/detalleAviso/primera/288677/20230628|MINISTERIO DE JUSTICIA Y DERECHOS HUMANOS|Se aprobó la contratación de una persona para el Programa Las Víctimas contra las Violencias del Ministerio de Justicia y Derechos Humanos. La contratación se realizará por el período comprendido entre el 1° de mayo y el 31 de diciembre de 2023, con una compensación transitoria del 20% de la asignación básica del nivel. #Contratación #ProgramaLasVíctimas #MinisterioJusticia|0|0|0|0|0|0|0|0
22/06/2023|288678|https://www.boletinoficial.gob.ar/detalleAviso/primera/288678/20230628|MINISTERIO DE JUSTICIA Y DERECHOS HUMANOS|Se aprobó la contratación de Maia Verónica JAIT en la DIRECCIÓN NACIONAL DE SITIOS Y ESPACIOS DE MEMORIA de la SUBSECRETARÍA DE PROMOCIÓN DE DERECHOS HUMANOS del Ministerio de Justicia y Derechos Humanos. Durará del 1 de abril al 31 de diciembre de 2023, con una Compensación Transitoria del 20% de la asignación básica del nivel.|0|0|0|0|0|0|0|0
22/06/2023|288679|https://www.boletinoficial.gob.ar/detalleAviso/primera/288679/20230628|MINISTERIO DE JUSTICIA Y DERECHOS HUMANOS|Se aprobó la contratación de una persona para el Programa Las Víctimas contra las Violencias del Ministerio de Justicia y Derechos Humanos. La contratación será por el período comprendido entre el 1° de mayo y el 31 de diciembre de 2023, con una compensación transitoria del 20% de la asignación básica del nivel. #Contratación #ProgramaLasVíctimas #MinisterioJusticia #DerechosHumanos|0|0|0|0|0|0|0|0
22/06/2023|288680|https://www.boletinoficial.gob.ar/detalleAviso/primera/288680/20230628|MINISTERIO DE SALUD|Prorrogan designación transitoria en el Ministerio de Salud. El Lic. Gonzalo Sebastián LA CAVA continuará como Director de la DIRECCIÓN DE INNOVACIÓN ADMINISTRATIVA. Más detalles en el Boletín Oficial. #MinisterioDeSalud #PrórrogaDesignación #BoletínOficial|0|0|0|0|0|0|0|0
22/06/2023|288681|https://www.boletinoficial.gob.ar/detalleAviso/primera/288681/20230628|MINISTERIO DE SEGURIDAD|El Ministerio de Seguridad de la Nación ha incrementado la recompensa ofrecida por información sobre el homicidio de Carlos Nicolás Romero en Pico Truncado, Santa Cruz. La recompensa ahora es de $2.000.000. Si tienes información, comunícate al 134. #Seguridad #Recompensa #Homicidio #Justicia|0|0|0|0|0|0|0|0
22/06/2023|288682|https://www.boletinoficial.gob.ar/detalleAviso/primera/288682/20230628|SECRETARÍA GENERAL|Se asigna de manera transitoria el cargo de Coordinador de Museografía, Diseño y Montaje de Exposiciones en la Dirección de Programas Culturales y Museo Casa Rosada de la Secretaría General de la Presidencia de la Nación. El Arquitecto Roberto Javier JUSID será el encargado de ocupar el puesto. No se trata de un texto relevante desde ningún punto de vista social, económico, ecológico, sustentable, político, para el ciudadano común ni para el trabajador promedio. No expande ni vulnera ningún derecho primordial. La importancia y trascendencia del comunicado es de 0.|0|0|0|0|0|0|0|0
22/06/2023|288683|https://www.boletinoficial.gob.ar/detalleAviso/primera/288683/20230628|SUPERINTENDENCIA DE SERVICIOS DE SALUD|Se asignan funciones transitorias a la Coordinadora de Registros de Obras Sociales y Entidades de Medicina Prepaga en la Superintendencia de Servicios de Salud. El cargo será ocupado por la Tec. Graciela Noemí BARCO, DNI Nº 12.345.861. El gasto será cubierto por el Ministerio de Salud.|0|0|0|0|0|0|0|0
22/06/2023|288684|https://www.boletinoficial.gob.ar/detalleAviso/primera/288684/20230628|SUPERINTENDENCIA DE SERVICIOS DE SALUD|Se asignan funciones transitorias a la Coordinadora Ejecutiva de la Unidad Superintendencia de la Superintendencia de Servicios de Salud. No se considera relevante desde un punto de vista social, económico, ecológico, político, para el ciudadano común ni para el trabajador promedio. No expande ni vulnera derechos primordiales. Puntuación: 0/100.|0|0|0|0|0|0|0|0
22/06/2023|288685|https://www.boletinoficial.gob.ar/detalleAviso/primera/288685/20230628|SUPERINTENDENCIA DE SERVICIOS DE SALUD|Apruébase la ADENDA 2023 del Convenio de Asistencia Sanitaria entre el MINISTERIO DE SALUD de la REPÚBLICA ARGENTINA y el MINISTERIO DE TRABAJO, MIGRACIONES Y SEGURIDAD SOCIAL DEL REINO DE ESPAÑA. Se actualiza la cuantía que España abonará a Argentina por cada beneficiario.|0|0|0|0|0|0|0|0
22/06/2023|288686|https://www.boletinoficial.gob.ar/detalleAviso/primera/288686/20230628|SUPERINTENDENCIA DE SERVICIOS DE SALUD|Se aprobó un convenio de colaboración y cooperación entre la Superintendencia de Servicios de Salud y el Municipio de Colón, Provincia de Buenos Aires. El convenio busca mejorar la representación institucional y la calidad de gestión en el territorio. No implica gastos para el organismo. #Salud #Convenio #BuenosAires #Gestión|0|0|0|0|0|0|0|0
22/06/2023|288687|https://www.boletinoficial.gob.ar/detalleAviso/primera/288687/20230628|SUPERINTENDENCIA DE SERVICIOS DE SALUD|Se aprobó un convenio de colaboración y cooperación entre la Superintendencia de Servicios de Salud y el Hospital Escuela y de Clínicas Virgen de Fátima de la Universidad de La Rioja (UNLAR). El convenio tiene como objetivo mejorar la calidad de gestión y promover la accesibilidad en la temática de salud. #Salud #Convenio #Cooperación #Accesibilidad|0|0|0|0|0|0|0|0
22/06/2023|288688|https://www.boletinoficial.gob.ar/detalleAviso/primera/288688/20230628|SUPERINTENDENCIA DE SERVICIOS DE SALUD|Se aprobó un convenio de colaboración y cooperación entre la Superintendencia de Servicios de Salud y la Universidad Nacional de La Rioja. El convenio tiene como objetivo mejorar la representación institucional del organismo en territorio y promover la accesibilidad de los actores involucrados en la temática. No implica erogación alguna para el organismo. #Salud #Cooperación #Universidad|0|0|0|0|0|0|0|0
22/06/2023|288689|https://www.boletinoficial.gob.ar/detalleAviso/primera/288689/20230628|SUPERINTENDENCIA DE SERVICIOS DE SALUD|Se aprobó un convenio de colaboración y cooperación entre la Superintendencia de Servicios de Salud y el Municipio de San Andres de Giles. El convenio tiene como objetivo mejorar la calidad de gestión y promover la accesibilidad de los actores involucrados en la temática. No tiene relevancia social, económica, ecológica, sustentable, política ni para el ciudadano común o el trabajador promedio. No expande ni vulnera derechos primordiales. Puntuación: 0/100.|0|0|0|0|0|0|0|0
22/06/2023|288690|https://www.boletinoficial.gob.ar/detalleAviso/primera/288690/20230628|SUPERINTENDENCIA DE SERVICIOS DE SALUD|Se aprobó un convenio de colaboración y cooperación entre la Superintendencia de Servicios de Salud y el Ministerio de Salud de la Provincia de Río Negro. El convenio busca mejorar la representación institucional y la calidad de gestión en el territorio. #Salud #Convenio|0|0|0|0|0|0|0|0
22/06/2023|288691|https://www.boletinoficial.gob.ar/detalleAviso/primera/288691/20230628|ADMINISTRACIÓN FEDERAL DE INGRESOS PÚBLICOS|Se extiende el plazo para solicitar la incorporación al Régimen de Regularización Tributaria hasta el 10 de julio de 2023. Más detalles en el Boletín Oficial. #Impuestos #RegularizaciónTributaria #PlazoExtendido #AFIP|0|0|0|0|0|0|0|10
22/06/2023|288692|https://www.boletinoficial.gob.ar/detalleAviso/primera/288692/20230628|ENTE NACIONAL DE COMUNICACIONES |"El ENACOM ha aprobado la reubicación de la agente Mariana María de Belén MOTTA y su promoción al puesto de ""Especialista de Planificación e Implementación de Políticas Públicas"". Más detalles en www.enacom.gob.ar/normativas."|0|0|0|0|0|0|0|0
22/06/2023|288693|https://www.boletinoficial.gob.ar/detalleAviso/primera/288693/20230628|ENTE NACIONAL DE COMUNICACIONES |ENACOM aprueba reubicación y promoción de agente Roxana Laura Marcos. Detalles en www.enacom.gob.ar/normativas.|0|0|0|0|0|0|0|0
22/06/2023|288694|https://www.boletinoficial.gob.ar/detalleAviso/primera/288694/20230628|ENTE NACIONAL REGULADOR DE LA ELECTRICIDAD |"El ENRE otorga el Certificado de Conveniencia y Necesidad Pública a TRANSBA S.A. para la construcción de una nueva Línea de Alta Tensión y ampliaciones de Estaciones Transformadoras en Buenos Aires. Cumplimiento de normativas establecidas. #ENRE #TRANSBA #energía

Detalles: La resolución RESOL-2023-469-APN-ENRE#MECACTA N° 1855 otorga el Certificado de Conveniencia y Necesidad Pública a la empresa TRANSBA S.A. para llevar a cabo la construcción de una nueva Línea de Alta Tensión de 132 kV entre 25 de Mayo y Nueve de Julio, así como las ampliaciones de las Estaciones Transformadoras de Nueve de Julio y la futura ET 25 de Mayo. Se establece que las empresas involucradas deben cumplir con las disposiciones de la Resolución del ENRE Nº 407. La notificación se realiza a diferentes entidades relacionadas con el sector eléctrico."|0|0|0|0|0|0|0|0
22/06/2023|288695|https://www.boletinoficial.gob.ar/detalleAviso/primera/288695/20230628|ENTE NACIONAL REGULADOR DE LA ELECTRICIDAD |El ENRE autoriza el acceso a la capacidad de transporte existente para la Central Térmica Punta Alvear. Las empresas involucradas deben cumplir con lo dispuesto por la Resolución Nº 370. #ENRE #energía #transporte|0|0|0|0|0|0|0|10
22/06/2023|288696|https://www.boletinoficial.gob.ar/detalleAviso/primera/288696/20230628|ENTE NACIONAL REGULADOR DE LA ELECTRICIDAD |El ENRE ha publicado la solicitud de acceso y ampliación a la capacidad de transporte existente presentada por TRANSBA S.A. para la vinculación del Parque Eólico La Elbita en Tandil. Se otorgará un plazo de 10 días hábiles para presentar oposiciones o proyectos alternativos. #ENRE #energía #Tandil #ParqueEólico|0|0|0|0|0|0|0|0
22/06/2023|288697|https://www.boletinoficial.gob.ar/detalleAviso/primera/288697/20230628|ADMINISTRACIÓN FEDERAL DE INGRESOS PÚBLICOS DIRECCIÓN REGIONAL PARANÁ|Se establece un nuevo Régimen de Reemplazos en la Dirección Regional Paraná de la AFIP-DGI. No tiene relevancia social, económica, ecológica, sustentable, política ni para el ciudadano común o el trabajador promedio. No expande ni vulnera derechos primordiales. Puntuación: 0/100.|0|0|0|0|0|0|0|0
22/06/2023|288698|https://www.boletinoficial.gob.ar/detalleAviso/primera/288698/20230628|ADMINISTRACIÓN NACIONAL DE LABORATORIOS E INSTITUTOS DE SALUD “DR. CARLOS G. MALBRÁN”|"Prorrogan designaciones transitorias en el Instituto Nacional de Producción de Biológicos de la Administración Nacional de Laboratorios e Institutos de Salud ""Dr. Carlos G. Malbrán"". No se considera relevante desde ningún punto de vista. #Argentina #Salud #Laboratorios #Prórroga"|0|0|0|0|0|0|0|0
22/06/2023|288699|https://www.boletinoficial.gob.ar/detalleAviso/primera/288699/20230628|ADMINISTRACIÓN NACIONAL DE LABORATORIOS E INSTITUTOS DE SALUD “DR. CARLOS G. MALBRÁN”|Prorrogan designaciones transitorias en el INSTITUTO NACIONAL DE EPIDEMIOLOGÍA “DR. JUAN H. JARA” dependiente de la ADMINISTRACIÓN NACIONAL DE LABORATORIOS E INSTITUTOS DE SALUD “DR. CARLOS G. MALBRÁN”. No se realizará el procedimiento de selección correspondiente en el plazo establecido. #Salud #Trabajo #Argentina|0|0|0|0|0|0|0|0
22/06/2023|288700|https://www.boletinoficial.gob.ar/detalleAviso/primera/288700/20230628|ADMINISTRACIÓN NACIONAL DE LABORATORIOS E INSTITUTOS DE SALUD “DR. CARLOS G. MALBRÁN”|"Se incorpora a la agente Luciana Ester Cejas a la Categoría Asistente Grado 2 del Convenio Colectivo de Trabajo Sectorial del Personal Profesional de los Establecimientos Hospitalarios y Asistenciales e Institutos de Investigación y Producción dependientes del Ministerio de Salud. #empleopúblico #salud #profesionales

Detalles: En el Boletín Oficial del día de hoy se informa sobre la incorporación de la agente Luciana Ester Cejas al Convenio Colectivo de Trabajo Sectorial del Personal Profesional de los Establecimientos Hospitalarios y Asistenciales e Institutos de Investigación y Producción dependientes del Ministerio de Salud. Esta medida se realiza de acuerdo a lo establecido en el artículo 29 del convenio, que permite la incorporación de personal de planta permanente de otros regímenes escalafonarios en la Carrera de los Profesionales del Equipo de Salud. La agente será incorporada a la Categoría Asistente Grado 2 y su incorporación será efectiva a partir de la fecha de la presente medida."|0|0|0|0|0|0|0|0
22/06/2023|288701|https://www.boletinoficial.gob.ar/detalleAviso/primera/288701/20230628|ADMINISTRACIÓN NACIONAL DE LABORATORIOS E INSTITUTOS DE SALUD “DR. CARLOS G. MALBRÁN”|Se prorrogan designaciones transitorias en institutos de salud dependientes de ANLIS por 180 días hábiles. Cumplimiento según requisitos del Convenio Colectivo de Trabajo. Gasto cubierto con presupuesto del Ministerio de Salud. #Salud #ANLIS #Designaciones|0|0|0|0|0|0|0|20
22/06/2023|288702|https://www.boletinoficial.gob.ar/detalleAviso/primera/288702/20230628|ADMINISTRACIÓN NACIONAL DE LABORATORIOS E INSTITUTOS DE SALUD “DR. CARLOS G. MALBRÁN”|Se prorroga la designación transitoria de la Bioquímica Cristina Elena CANTEROS como Jefa del Departamento Micología del INSTITUTO NACIONAL DE ENFERMEDADES INFECCIOSAS AGUDAS (INEIA). La designación se extiende por 180 días hábiles y se autoriza el pago del Suplemento por Función Directiva.|0|0|0|0|0|0|0|0
22/06/2023|288703|https://www.boletinoficial.gob.ar/detalleAviso/primera/288703/20230628|AGENCIA NACIONAL DE SEGURIDAD VIAL|La Agencia Nacional de Seguridad Vial autoriza el uso de cinemómetros en Campana, Buenos Aires, para promover la seguridad vial y controlar las infracciones de tránsito. El municipio deberá informar sobre los funcionarios encargados de utilizar los dispositivos. #SeguridadVial #Campana #Cinemómetros #Tránsito|0|0|0|0|0|0|0|70
22/06/2023|288704|https://www.boletinoficial.gob.ar/detalleAviso/primera/288704/20230628|MINISTERIO DE ECONOMÍA SUBSECRETARÍA DE LA PEQUEÑA Y MEDIANA EMPRESA|Se aprueba el Reglamento Operativo del “Programa de Apoyo a MiPyMEs para la Transformación Digital hacia Industria 4.0”. El programa busca financiar la transformación digital de las pequeñas y medianas empresas. Es relevante para el ciudadano común y el trabajador promedio. No expande ni vulnera derechos primordiales. Puntuación: 70/100.|0|1|0|0|1|1|0|70
22/06/2023|288705|https://www.boletinoficial.gob.ar/detalleAviso/primera/288705/20230628|MINISTERIO DE RELACIONES EXTERIORES, COMERCIO INTERNACIONAL Y CULTO |Publicación del Boletín Oficial sobre la Ley Nº 24.080. Se establece la fecha de entrada en vigor para la República de instrumentos multilaterales que requieren aprobación legislativa. Se aprueba el Protocolo de Enmienda al Acuerdo Latinoamericano de Coproducción Cinematográfica. Vigencia a partir del 27 de marzo de 2023.|0|0|0|0|0|0|0|0
22/06/2023|288706|https://www.boletinoficial.gob.ar/detalleAviso/primera/288706/20230628|MINISTERIO DE RELACIONES EXTERIORES, COMERCIO INTERNACIONAL Y CULTO |Publicación del Boletín Oficial: Ley Nº 24.080 sobre la entrada en vigor de los instrumentos bilaterales entre Argentina y Marruecos en materia de salud. Firma en Rabat el 1° de junio de 2023. Más detalles en www.boletinoficial.gob.ar. #BoletinOficial #Argentina #Marruecos #Salud|0|0|0|0|0|0|0|0
22/06/2023|288707|https://www.boletinoficial.gob.ar/detalleAviso/primera/288707/20230628|BANCO DE LA NACIÓN ARGENTINA |"El Banco de la Nación Argentina informa sobre los préstamos con caución de certificados de obras. Se establecen tasas de interés para Micro, Pequeña y Mediana Empresa y para otros usuarios. Más detalles en www.bna.com.ar. #BancoNación #Préstamos #TasasDeInterés

El Banco de la Nación Argentina ha publicado información sobre los préstamos con caución de certificados de obras. A partir del 15/03/2021, se aplicarán tasas de interés diferentes para Micro, Pequeña y Mediana Empresa y para otros usuarios. Para las MiPyMEs, se utilizará la tasa BADLAR correspondiente a 5 días hábiles anteriores al inicio de cada período + 5 ppa. Para los usuarios que no sean considerados MiPyMEs, se aplicará la tasa BADLAR correspondiente a 5 días hábiles anteriores al inicio de cada período + 10 ppa. Además, se establecen tasas de interés para operaciones de descuento en general, diferenciadas según el tipo de usuario. Para más información, se puede consultar la página www.bna.com.ar."|0|1|0|0|1|1|0|70
22/06/2023|288708|https://www.boletinoficial.gob.ar/detalleAviso/primera/288708/20230628|BANCO CENTRAL DE LA REPÚBLICA ARGENTINA |El Banco Central de la República Argentina ha publicado los valores diarios del Índice para Contratos de Locación (ICL). Puedes consultar la información en www.bcra.gob.ar. No se trata de un texto relevante desde ningún punto de vista social, económico, ecológico, sustentable, político, para el ciudadano común o para el trabajador promedio. Además, no expande ni vulnera ningún derecho primordial. La importancia y trascendencia del comunicado es baja, con una puntuación de 0.|0|0|0|0|0|0|0|0
22/06/2023|288709|https://www.boletinoficial.gob.ar/detalleAviso/primera/288709/20230628|COMISIÓN ARBITRAL CONVENIO MULTILATERAL DEL 18.8.77 |La Comisión Arbitral rechaza la acción de Minera Santa Rita SRL contra la provincia de Salta. Más detalles en el Boletín Oficial. #Resolución #MineraSantaRita #ComisiónArbitral #Salta|0|0|0|0|0|0|0|0
22/06/2023|288710|https://www.boletinoficial.gob.ar/detalleAviso/primera/288710/20230628|COMISIÓN ARBITRAL CONVENIO MULTILATERAL DEL 18.8.77 |La Comisión Arbitral rechaza la acción de Debox SA contra la provincia de Salta. Más detalles en el Boletín Oficial. #ComisiónArbitral #DeboxSA #Salta #Resolución|0|0|0|0|0|0|0|0
22/06/2023|288711|https://www.boletinoficial.gob.ar/detalleAviso/primera/288711/20230628|ADMINISTRACIÓN FEDERAL DE INGRESOS PÚBLICOS - ADUANA FORMOSA |La Aduana de Formosa comunica que las mercaderías involucradas en las actuaciones podrán solicitar alguna destinación autorizada dentro de los próximos 30 días. En caso de no presentarse, las mercaderías serán consideradas abandonadas a favor del Estado. Más detalles en el Boletín Oficial. #Aduana #Formosa #Mercaderías #BoletínOficial|0|0|0|0|0|0|0|10
22/06/2023|288712|https://www.boletinoficial.gob.ar/detalleAviso/primera/288712/20230628|ADMINISTRACIÓN FEDERAL DE INGRESOS PÚBLICOS - ADUANA IGUAZÚ |En el Boletín Oficial de Argentina se informa sobre unas actuaciones en las que los autores son desconocidos o indocumentados. Se establece que no se instruirá un sumario y se dispone el decomiso y destrucción de las mercaderías involucradas. Los interesados deben presentarse en la División Aduana de Iguazú. #BoletinOficial #Actuaciones #Mercaderias #Aduana|0|0|0|0|0|0|0|20
22/06/2023|288713|https://www.boletinoficial.gob.ar/detalleAviso/primera/288713/20230628|ADMINISTRACIÓN FEDERAL DE INGRESOS PÚBLICOS - ADUANA IGUAZÚ |Se archivan las actuaciones por multas de mercaderías en la Aduana de Iguazú. Los interesados tienen 30 días para retirar o reembarcar las mercaderías previo pago de la obligación tributaria. En caso contrario, se considerarán abandonadas a favor del Estado Nacional. Detalles en el Boletín Oficial.|0|0|0|0|0|0|0|0
22/06/2023|288714|https://www.boletinoficial.gob.ar/detalleAviso/primera/288714/20230628|ADMINISTRACIÓN FEDERAL DE INGRESOS PÚBLICOS - ADUANA ORÁN |El Boletín Oficial de Argentina publicó un fragmento que notifica una liquidación de importe a ser abonado en un plazo de diez días. En caso de no cumplir, se aplicarán medidas del Código Aduanero. Se mencionan nombres, documentos y montos a abonar de personas físicas y jurídicas. #BoletinOficial #LiquidacionImporte #CodigoAduanero #Notificacion|0|0|0|0|0|0|0|20
23/06/2023|288715|https://www.boletinoficial.gob.ar/detalleAviso/primera/288715/20230628|PODER JUDICIAL DE LA NACIÓN - CONSEJO DE LA MAGISTRATURA |Nómina de inscriptos para cubrir el cargo de Director/a General de la Agencia de Acceso a la Información Pública del Consejo de la Magistratura del Poder Judicial de la Nación. Se recibirán observaciones hasta el 14 de julio. Más información en el sitio web del Consejo de la Magistratura.|0|0|0|0|0|0|0|0
22/06/2023|288716|https://www.boletinoficial.gob.ar/detalleAviso/primera/288716/20230628|SECRETARÍA GENERAL |Se publican las Resoluciones de la Secretaría General de la Presidencia de la Nación que ceden bienes a la Municipalidad de Malvinas Argentinas y al Ministerio de Seguridad. También se ceden bienes a la Gobernación de la Provincia de Salta.|0|0|0|0|0|0|0|0
22/06/2023|288717|https://www.boletinoficial.gob.ar/detalleAviso/primera/288717/20230628|MINISTERIO DE TRABAJO, EMPLEO Y SEGURIDAD SOCIAL - SECRETARÍA DE TRABAJO |El Ministerio de Trabajo, Empleo y Seguridad Social homologa un acuerdo entre la Unión Recibidores de Granos y Anexos de la República Argentina y la Cámara de Empresas de Control de la República Argentina. El acuerdo establece el pago de una suma extraordinaria en el marco del Convenio Colectivo de Trabajo N° 407/05. No tiene relevancia social, económica, ecológica, sustentable, política ni para el ciudadano común o el trabajador promedio. No expande ni vulnera derechos primordiales. Puntuación: 0.|0|0|0|0|0|0|0|0
22/06/2023|288718|https://www.boletinoficial.gob.ar/detalleAviso/primera/288718/20230628|MINISTERIO DE TRABAJO, EMPLEO Y SEGURIDAD SOCIAL - DIRECCIÓN DE NORMATIVA LABORAL |"Se fijan los importes promedio de las remuneraciones y los topes indemnizatorios en el marco de acuerdos celebrados por entidades sindicales y empresas de la actividad gasífera. Más detalles en el documento. #LeyDeContratoDeTrabajo #Remuneraciones #TopesIndemnizatorios

En el documento se establecen los importes promedio de las remuneraciones y los topes indemnizatorios derivados de acuerdos celebrados por entidades sindicales y empresas de la actividad gasífera. Estos importes se fijan en cumplimiento de lo dispuesto en el segundo párrafo del artículo 245 de la Ley de Contrato de Trabajo Nº 20.744 (t.o. 1976) y sus modificatorias. El documento detalla los números de los acuerdos homologados y las fechas de entrada en vigencia de los topes indemnizatorios."|0|0|0|0|0|0|0|0
22/06/2023|288719|https://www.boletinoficial.gob.ar/detalleAviso/primera/288719/20230628|MINISTERIO DE TRABAJO, EMPLEO Y SEGURIDAD SOCIAL - SECRETARÍA DE TRABAJO |Se homologa acuerdo entre la Unión Trabajadores de la Industria del Calzado de la República Argentina (U.T.I.C.R.A.) y la Federación Argentina de la Industria del Calzado y Afines (FAICA). No tiene relevancia social, económica, ecológica, sustentable, política ni para el ciudadano común o el trabajador promedio. Puntuación: 0/100.|0|0|0|0|0|0|0|0
22/06/2023|288720|https://www.boletinoficial.gob.ar/detalleAviso/primera/288720/20230628|MINISTERIO DE TRABAJO, EMPLEO Y SEGURIDAD SOCIAL - SECRETARÍA DE TRABAJO |El Ministerio de Trabajo, Empleo y Seguridad Social homologa el acuerdo salarial entre el Sindicato de Mecánicos y Afines del Transporte Automotor de la República Argentina y la empresa Honda Motor de Argentina Sociedad Anónima. No tiene relevancia social, económica, ecológica, sustentable, política ni para el ciudadano común. No expande ni vulnera derechos primordiales. Puntuación: 0/100.|0|0|0|0|0|0|0|0
22/06/2023|288721|https://www.boletinoficial.gob.ar/detalleAviso/primera/288721/20230628|MINISTERIO DE TRABAJO, EMPLEO Y SEGURIDAD SOCIAL - SECRETARÍA DE TRABAJO |Se homologa acuerdo entre el Sindicato de Trabajadores de la Industria del Hielo y de Mercados Particulares de la República Argentina y la Cámara de Frigoríficos y Fábricas de Hielo. Se establecen nuevas condiciones salariales en el marco del Convenio Colectivo de Trabajo Nº 232/94 - Rama Hielo. No tiene relevancia social, económica, ecológica, sustentable, política ni para el ciudadano común o el trabajador promedio. No expande ni vulnera derechos primordiales. Puntuación: 0.|0|0|0|0|0|0|0|0
22/06/2023|288722|https://www.boletinoficial.gob.ar/detalleAviso/primera/288722/20230628|MINISTERIO DE TRABAJO, EMPLEO Y SEGURIDAD SOCIAL - SECRETARÍA DE TRABAJO |Se homologa acuerdo entre la Unión Obrera Metalúrgica y la empresa Siderca. Se establece una gratificación extraordinaria no remunerativa para los trabajadores según el Convenio Colectivo de Trabajo Nº 260/75. El acuerdo no afecta el ordenamiento legal vigente. #Trabajo #Acuerdo #Metalúrgica #Siderca|0|0|0|0|0|0|0|0
22/06/2023|288723|https://www.boletinoficial.gob.ar/detalleAviso/primera/288723/20230628|MINISTERIO DE TRABAJO, EMPLEO Y SEGURIDAD SOCIAL - SECRETARÍA DE TRABAJO |El Ministerio de Trabajo, Empleo y Seguridad Social homologa acuerdo salarial entre el Sindicato de Mecánicos y Afines del Transporte Automotor de la República Argentina y Honda Motor de Argentina Sociedad Anónima. No tiene relevancia social, económica, ecológica, sustentable, política ni para el ciudadano común o el trabajador promedio. Puntuación: 0/100.|0|0|0|0|0|0|0|0
22/06/2023|288724|https://www.boletinoficial.gob.ar/detalleAviso/primera/288724/20230628|MINISTERIO DE TRABAJO, EMPLEO Y SEGURIDAD SOCIAL - SECRETARÍA DE TRABAJO |El Ministerio de Trabajo, Empleo y Seguridad Social homologa acuerdo entre la Unión Obrera Metalúrgica y ScrapService Sociedad Anónima. El acuerdo establece el pago de una gratificación extraordinaria de pago único. No tiene relevancia social, económica, ecológica, sustentable, política ni para el ciudadano común o el trabajador promedio. No expande ni vulnera derechos primordiales. Puntuación: 0/100.|0|0|0|0|0|0|0|0
22/06/2023|288725|https://www.boletinoficial.gob.ar/detalleAviso/primera/288725/20230628|MINISTERIO DE TRABAJO, EMPLEO Y SEGURIDAD SOCIAL - SECRETARÍA DE TRABAJO |El Ministerio de Trabajo, Empleo y Seguridad Social homologó un acuerdo entre la Federación de Asociaciones de Trabajadores de la Sanidad Argentina y la Federación de Cámaras de Emergencias Médicas y Medicina Domiciliaria. El acuerdo establece una recomposición salarial para el personal comprendido en el Convenio Colectivo de Trabajo N° 459/06. No se trata de un texto relevante desde un punto de vista social, económico, ecológico, sustentable, político, para el ciudadano común ni para el trabajador promedio. Además, no expande, vulnera ni trata sobre algún derecho primordial. La puntuación asignada es 0.|0|0|0|0|0|0|0|0
22/06/2023|288726|https://www.boletinoficial.gob.ar/detalleAviso/primera/288726/20230628|MINISTERIO DE TRABAJO, EMPLEO Y SEGURIDAD SOCIAL - SECRETARÍA DE TRABAJO |El Ministerio de Trabajo, Empleo y Seguridad Social ha homologado un acuerdo entre la Federación de Asociaciones de Trabajadores de la Sanidad Argentina y la Cámara Argentina de Empresas de Internación Domiciliaria. El acuerdo establece una recomposición salarial para el personal comprendido en el Convenio Colectivo de Trabajo N° 743/16. No se trata de un texto relevante desde un punto de vista social, económico, ecológico, sustentable, político, para el ciudadano común ni para el trabajador promedio. Además, no expande, vulnera ni trata sobre algún derecho primordial. La importancia y trascendencia del comunicado desde un punto de vista popular, ambiental y tecnológico es de 0.|0|0|0|0|0|0|0|0
22/06/2023|288727|https://www.boletinoficial.gob.ar/detalleAviso/primera/288727/20230628|MINISTERIO DE TRABAJO, EMPLEO Y SEGURIDAD SOCIAL - DIRECCIÓN DE NORMATIVA LABORAL |El Ministerio de Trabajo, Empleo y Seguridad Social ha fijado el importe promedio de las remuneraciones y el tope indemnizatorio según el acuerdo homologado por la RESOL-2023-692-APN-ST#MT y registrado bajo el Nº 881/23. Más detalles en el Boletín Oficial. #Trabajo #Remuneraciones #TopeIndemnizatorio #Acuerdo|0|0|0|0|0|0|0|0
22/06/2023|288728|https://www.boletinoficial.gob.ar/detalleAviso/primera/288728/20230628|MINISTERIO DE TRABAJO, EMPLEO Y SEGURIDAD SOCIAL - DIRECCIÓN DE NORMATIVA LABORAL |"Se establecen nuevos topes indemnizatorios para los empleados textiles. La Resolución fija los importes y fechas correspondientes. Más detalles en el Boletín Oficial. #empleadostextiles #topesindemnizatorios #acuerdo676/23

En el Boletín Oficial se establecen nuevos topes indemnizatorios para los empleados textiles de la industria y afines. Estos topes determinan el máximo monto que puede recibir un empleado en caso de despido o finalización de contrato. La Resolución, que forma parte del acuerdo homologado entre el Sindicato de Empleados Textiles de la Industria y Afines de la República Argentina (SETIA) y la Federación de Industrias Textiles Argentinas (F.I.T.A.), actualiza los valores de las escalas salariales y establece los nuevos importes y fechas de vigencia. Es importante tener en cuenta estos cambios para conocer los derechos y beneficios correspondientes a los empleados textiles. Para más información, consultar el Boletín Oficial."|0|0|0|0|0|0|0|0
22/06/2023|288729|https://www.boletinoficial.gob.ar/detalleAviso/primera/288729/20230628|MINISTERIO DE TRABAJO, EMPLEO Y SEGURIDAD SOCIAL - DIRECCIÓN DE NORMATIVA LABORAL |"Se fija el importe promedio de las remuneraciones y el tope indemnizatorio según la Ley de Contrato de Trabajo. Detalles en el documento importante para el ciudadano. #Trabajo #LeyContratoTrabajo #Remuneraciones

En el documento se establece el importe promedio de las remuneraciones y el tope indemnizatorio según lo dispuesto en la Ley de Contrato de Trabajo. Es importante destacar que el acuerdo homologado por la Resolución citada en el documento fue celebrado por la ASOCIACIÓN DEL PERSONAL JERÁRQUICO DEL AGUA Y LA ENERGÍA (A.P.J.A.E.) y la EMPRESA DE DISTRIBUCIÓN ELÉCTRICA DE TUCUMÁN SOCIEDAD ANÓNIMA. Además, se menciona que ya se encuentran fijados los topes indemnizatorios derivados de otro acuerdo. Para más detalles, consultar el documento completo."|0|0|0|0|0|0|0|0
22/06/2023|288730|https://www.boletinoficial.gob.ar/detalleAviso/primera/288730/20230628|MINISTERIO DE TRABAJO, EMPLEO Y SEGURIDAD SOCIAL - DIRECCIÓN DE NORMATIVA LABORAL |El Ministerio de Trabajo, Empleo y Seguridad Social establece que no es procedente fijar el importe promedio de las remuneraciones y el tope indemnizatorio para el Convenio Colectivo de Trabajo N° 802/23 entre el S.U.T.E.P. y la Cámara Argentina de la Industria del Cine y Video Publicitario. #Trabajo #ConvenioColectivo #Remuneraciones|0|0|0|0|0|0|0|0
22/06/2023|288731|https://www.boletinoficial.gob.ar/detalleAviso/primera/288731/20230628|MINISTERIO DE TRABAJO, EMPLEO Y SEGURIDAD SOCIAL - DIRECCIÓN DE NORMATIVA LABORAL |"Se fijan los importes promedio de las remuneraciones y los topes indemnizatorios según la Ley de Contrato de Trabajo. Detalles en el documento. #LeyDeTrabajo #Remuneraciones #TopesIndemnizatorios

En el documento se establecen los importes promedio de las remuneraciones y los topes indemnizatorios según lo dispuesto en la Ley de Contrato de Trabajo. Esto afecta a los acuerdos celebrados entre entidades sindicales y empresas en el ámbito de la ACTIVIDAD ENERGÍA. Se detallan los números de registro de los acuerdos y se menciona la necesidad de evaluar la procedencia de establecer los promedios de las remuneraciones. Además, se destaca que no se pudo calcular el importe promedio ni fijar el tope indemnizatorio para el Acuerdo Nº 1009/23. La disposición fue emitida por el Director de Normativa Laboral y se comunica a través del Boletín Oficial."|0|0|0|0|0|0|0|0
22/06/2023|288732|https://www.boletinoficial.gob.ar/detalleAviso/primera/288732/20230628|MINISTERIO DE TRABAJO, EMPLEO Y SEGURIDAD SOCIAL - DIRECCIÓN DE NORMATIVA LABORAL |"Se fija el importe promedio de las remuneraciones y el tope indemnizatorio según la Ley de Contrato de Trabajo. Detalles en el documento. #Trabajo #LeyContratoTrabajo #Remuneraciones #TopeIndemnizatorio

En el documento se establece el importe promedio de las remuneraciones y el tope indemnizatorio según lo dispuesto en la Ley de Contrato de Trabajo. Esta información es relevante para los trabajadores en caso de despidos o indemnizaciones laborales."|0|0|0|0|0|0|0|0
22/06/2023|288733|https://www.boletinoficial.gob.ar/detalleAviso/primera/288733/20230628|MINISTERIO DE TRABAJO, EMPLEO Y SEGURIDAD SOCIAL - DIRECCIÓN DE NORMATIVA LABORAL |Se fijan los topes indemnizatorios y las escalas salariales para el sector turismo, hotelería y gastronomía en Argentina. No se considera relevante desde ningún punto de vista social, económico, ecológico, político, para el ciudadano común ni para el trabajador promedio. Puntuación: 0/100.|0|0|0|0|0|0|0|0
22/06/2023|288734|https://www.boletinoficial.gob.ar/detalleAviso/primera/288734/20230628|MINISTERIO DE TRABAJO, EMPLEO Y SEGURIDAD SOCIAL - DIRECCIÓN DE NORMATIVA LABORAL |"Se fija el importe promedio de las remuneraciones y el tope indemnizatorio según la Ley de Contrato de Trabajo. Detalles en el documento. #LeyDeTrabajo #Remuneraciones #TopeIndemnizatorio

En el documento se establece el importe promedio de las remuneraciones y el tope indemnizatorio según lo dispuesto en la Ley de Contrato de Trabajo. Esto afecta a los trabajadores de las provincias de Neuquén, Chubut, Santa Cruz y Tierra del Fuego. La medida fue tomada en base a un acuerdo homologado y registrado. Más detalles en el documento."|0|0|0|0|0|0|0|0
22/06/2023|288735|https://www.boletinoficial.gob.ar/detalleAviso/primera/288735/20230628|MINISTERIO DE TRABAJO, EMPLEO Y SEGURIDAD SOCIAL - DIRECCIÓN DE NORMATIVA LABORAL |"El Ministerio de Trabajo, Empleo y Seguridad Social ha fijado el importe promedio de las remuneraciones y el tope indemnizatorio según la Ley de Contrato de Trabajo. Más detalles en el Boletín Oficial. #Trabajo #LeyContrato #Remuneraciones #TopeIndemnizatorio

En el documento se establece el importe promedio de las remuneraciones y el tope indemnizatorio derivado de un acuerdo homologado por el Ministerio de Trabajo. Esta medida tiene como objetivo establecer límites en las indemnizaciones laborales."|0|0|0|0|0|0|0|0
22/06/2023|288736|https://www.boletinoficial.gob.ar/detalleAviso/primera/288736/20230628|MINISTERIO DE TRABAJO, EMPLEO Y SEGURIDAD SOCIAL - DIRECCIÓN DE NORMATIVA LABORAL |"El Ministerio de Trabajo, Empleo y Seguridad Social ha fijado el importe promedio de las remuneraciones y el tope indemnizatorio según el acuerdo homologado por la RESOL-2023-621-APN-ST#MT. Más detalles en el Boletín Oficial.

En el Boletín Oficial del día de hoy, el Ministerio de Trabajo, Empleo y Seguridad Social ha establecido el importe promedio de las remuneraciones y el tope indemnizatorio según el acuerdo homologado por la RESOL-2023-621-APN-ST#MT. Esta medida se basa en la Ley de Contrato de Trabajo Nº 20.744 y sus modificatorias. Para más información, se puede consultar el Boletín Oficial."|0|0|0|0|0|0|0|0
22/06/2023|288737|https://www.boletinoficial.gob.ar/detalleAviso/primera/288737/20230628|MINISTERIO DE TRABAJO, EMPLEO Y SEGURIDAD SOCIAL - DIRECCIÓN DE NORMATIVA LABORAL |"El Ministerio de Trabajo, Empleo y Seguridad Social ha fijado el importe promedio de las remuneraciones y el tope indemnizatorio según el acuerdo homologado por la RESOL-2023-616-APN-ST#MT. Más detalles en el Boletín Oficial. #Trabajo #Remuneraciones

En el Boletín Oficial del día de hoy, el Ministerio de Trabajo, Empleo y Seguridad Social ha establecido el importe promedio de las remuneraciones y el tope indemnizatorio según el acuerdo homologado por la RESOL-2023-616-APN-ST#MT. Esta medida afecta a los trabajadores de la industria de la pastelería, pizzería, alfajores, factureros, heladeros, rotiseros y afines de Tucumán, así como a los empleadores de hoteles, confiterías, bares, restaurantes y afines. Es importante destacar que este acuerdo se encuentra enmarcado en los Convenios Colectivos de Trabajo N° 473/06, Nº 474/06 y Nº 475/06. Sin embargo, no se ha podido establecer el promedio mensual de remuneraciones y tope indemnizatorio para la ""Rama Pizzería"". Para más información, se puede consultar el Boletín Oficial."|0|0|0|0|0|0|0|0
22/06/2023|288738|https://www.boletinoficial.gob.ar/detalleAviso/primera/288738/20230628|MINISTERIO DE TRABAJO, EMPLEO Y SEGURIDAD SOCIAL - DIRECCIÓN DE NORMATIVA LABORAL |"Se fija el importe promedio de las remuneraciones y el tope indemnizatorio según el acuerdo homologado por la RESOL-2023-671-APN-ST#MT y registrado bajo el Nº 843/23. Detalles en el documento. #BoletinOficial #Trabajo #LeyLaboral

En el documento se establece el importe promedio de las remuneraciones y el tope indemnizatorio según el acuerdo homologado por la RESOL-2023-671-APN-ST#MT y registrado bajo el Nº 843/23. Esta medida afecta a los trabajadores y empleadores en relación a las indemnizaciones por despido. Es importante tener en cuenta estos valores al momento de calcular las compensaciones correspondientes."|0|0|0|0|0|0|0|0
22/06/2023|288739|https://www.boletinoficial.gob.ar/detalleAviso/primera/288739/20230628|MINISTERIO DE TRABAJO, EMPLEO Y SEGURIDAD SOCIAL - DIRECCIÓN DE NORMATIVA LABORAL |"Se fija el importe promedio de las remuneraciones y el tope indemnizatorio según la Ley de Contrato de Trabajo. Detalles en el documento importante para el ciudadano. #Trabajo #LeyContratoTrabajo #Remuneraciones

En el documento se establece el importe promedio de las remuneraciones y el tope indemnizatorio según lo dispuesto en la Ley de Contrato de Trabajo. Esta información es relevante para los trabajadores, ya que determina los límites de las indemnizaciones en caso de despido. La resolución también menciona el acuerdo homologado entre la Federación de Trabajadores de la Industria de la Alimentación y la Cámara Argentina de Productores Avícolas, en el marco del Convenio Colectivo de Trabajo."|0|0|0|0|0|0|0|0
22/06/2023|288740|https://www.boletinoficial.gob.ar/detalleAviso/primera/288740/20230628|MINISTERIO DE TRABAJO, EMPLEO Y SEGURIDAD SOCIAL - DIRECCIÓN DE NORMATIVA LABORAL |Se fija el importe promedio de las remuneraciones y el tope indemnizatorio según la Ley de Contrato de Trabajo. Detalles en el documento importante para el ciudadano.|0|0|0|0|0|0|0|0
22/06/2023|288741|https://www.boletinoficial.gob.ar/detalleAviso/primera/288741/20230628|MINISTERIO DE TRABAJO, EMPLEO Y SEGURIDAD SOCIAL - SECRETARÍA DE TRABAJO |Se homologa acuerdo entre la Asociación de Profesionales Universitarios del Agua y la Energía Eléctrica y la Cooperativa Empresa Eléctrica de Godoy Cruz. No tiene relevancia social, económica, ecológica, sustentable, política ni para el ciudadano común o el trabajador promedio. No expande ni vulnera derechos primordiales. Puntuación: 0/100.|0|0|0|0|0|0|0|0
26/06/2023|288742|https://www.boletinoficial.gob.ar/detalleAviso/primera/288742/20230628|INSTITUTO UNIVERSITARIO NACIONAL DE DERECHOS HUMANOS MADRES DE PLAZA DE MAYO |"Se ha dispuesto la convocatoria a concurso para proveer cuatro cargos de Profesor/a Regular Titular y Asociado/a en el Instituto Universitario Nacional de Derechos Humanos ""Madres de Plaza de Mayo"" en la carrera Licenciatura en Comunicación. Los/as interesados/as deben inscribirse entre el 21 y el 27 de junio de 2023 en la sede de la calle Defensa N°117, C.A.B.A. #educación #concurso #derechoshumanos #comunicación

Detalles: La convocatoria es para cubrir cuatro cargos de Profesor/a Regular Titular y Asociado/a en el Instituto Universitario Nacional de Derechos Humanos ""Madres de Plaza de Mayo"" en la carrera Licenciatura en Comunicación. Los interesados deben inscribirse entre el 21 y el 27 de junio de 2023 en la sede de la calle Defensa N°117, C.A.B.A."|0|0|0|0|0|0|0|0
23/06/2023|288743|https://www.boletinoficial.gob.ar/detalleAviso/primera/288743/20230628|MINISTERIO DEL INTERIOR|"El Ministerio del Interior aprueba la contratación del servicio de recolección y entrega de telegramas de mesa para las Elecciones Nacionales del 2023. El contrato se adjudica al Correo Oficial de la República Argentina S.A. por un monto de $9.680.060.000. #Elecciones2023 #ContrataciónDirecta #CorreoOficial

Detalles: El contrato se realiza de acuerdo con el artículo 105 del Código Nacional Electoral Ley N° 19.945 y sus modificaciones. La oferta del Correo Oficial de la República Argentina S.A. fue confirmada por un monto total de $9.680.060.000, incluyendo el Impuesto al Valor Agregado (IVA) de $968.006.000. El servicio incluye la recolección, digitalización, transmisión y entrega de telegramas de mesa durante las Elecciones Nacionales del año 2023."|0|1|0|0|1|1|0|70
23/06/2023|288744|https://www.boletinoficial.gob.ar/detalleAviso/primera/288744/20230628|DIRECCIÓN NACIONAL DE MIGRACIONES|La señora Lurdes Genoveva ROMERO RODAS, de nacionalidad paraguaya, ha sido exceptuada del requisito de nacionalidad para ingresar a la Administración Pública Nacional, según lo dispuesto por el Jefe de Gabinete de Ministros. #EmpleoPúblico #Excepción #AdministraciónPública|0|0|0|0|0|0|0|0
23/06/2023|288745|https://www.boletinoficial.gob.ar/detalleAviso/primera/288745/20230628|INSTITUTO NACIONAL CONTRA LA DISCRIMINACIÓN, LA XENOFOBIA Y EL RACISMO|El Jefe de Gabinete de Ministros designa a Martina Sol MESTROCRISTINO como analista de planificación e implementación de políticas públicas en el INADI. La designación es transitoria por 180 días hábiles. El cargo será cubierto según los requisitos y sistemas de selección vigentes. El gasto será cubierto por el Ministerio de Justicia y Derechos Humanos.|0|0|0|0|0|0|0|0
23/06/2023|288746|https://www.boletinoficial.gob.ar/detalleAviso/primera/288746/20230628|INSTITUTO NACIONAL DE JUVENTUDES|Se aprueba la contratación de Olivia Carolina ODISIO TEIXEIRA en la JEFATURA DE GABINETE DE MINISTROS. El contrato tiene efecto desde el 1° de febrero de 2023 hasta el 31 de diciembre de 2023. El gasto será cubierto por la Jurisdicción 25. #Contratación #JefaturaDeGabinete #EmpleoPúblico|0|0|0|0|0|0|0|0
23/06/2023|288747|https://www.boletinoficial.gob.ar/detalleAviso/primera/288747/20230628|INSTITUTO NACIONAL DE JUVENTUDES|Se aprueba la contratación de Leila Beatriz GONZALEZ LINERA en la JEFATURA DE GABINETE DE MINISTROS. El contrato tiene efecto desde el 1° de enero de 2023 hasta el 29 de diciembre de 2023. El gasto será cubierto por el presupuesto de la Jurisdicción 25. #Contratación #JefaturaDeGabinete #EmpleoPúblico|0|0|0|0|0|0|0|0
23/06/2023|288748|https://www.boletinoficial.gob.ar/detalleAviso/primera/288748/20230628|TEATRO NACIONAL CERVANTES|El Jefe de Gabinete de Ministros autoriza al Teatro Nacional Cervantes a contratar a Giulia Margarita Carmen FOSCHIA MAQUESTIAU, de nacionalidad belga, como excepción al requisito de nacionalidad establecido en la Ley Marco de Regulación de Empleo Público Nacional. #empleopúblico|0|0|0|0|0|0|0|0
23/06/2023|288749|https://www.boletinoficial.gob.ar/detalleAviso/primera/288749/20230628|AGENCIA DE ADMINISTRACIÓN DE BIENES DEL ESTADO|El Poder Judicial de Tucumán solicita permiso para ampliar la sede del fuero penal en un inmueble abandonado en San Miguel de Tucumán. Se busca optimizar el uso de los bienes estatales. #PoderJudicial #AmpliaciónSede #BienesEstatales #SanMigueldeTucumán|0|0|0|0|0|0|0|50
23/06/2023|288750|https://www.boletinoficial.gob.ar/detalleAviso/primera/288750/20230628|AGENCIA DE ADMINISTRACIÓN DE BIENES DEL ESTADO|La Provincia de La Pampa obtiene permiso de uso precario y gratuito con opción a compra de un inmueble en Santa Rosa para construir una Terminal de Ómnibus. La medida busca mejorar el aprovechamiento de los bienes estatales en beneficio de la comunidad. #LaPampa #TerminaldeÓmnibus #BienesEstatales #DesarrolloComunitario|0|0|0|0|0|0|0|20
23/06/2023|288751|https://www.boletinoficial.gob.ar/detalleAviso/primera/288751/20230628|AGENCIA DE ADMINISTRACIÓN DE BIENES DEL ESTADO|La Agencia de Administración de Bienes del Estado autoriza a la Federación Argentina de la Magistratura y Función Judicial a utilizar un inmueble en la Ciudad Autónoma de Buenos Aires para actividades previstas en su estatuto. Se deja sin efecto un convenio previo y se otorga un permiso de uso precario y gratuito.|0|0|0|0|0|0|0|20
23/06/2023|288752|https://www.boletinoficial.gob.ar/detalleAviso/primera/288752/20230628|AGENCIA NACIONAL DE PROMOCIÓN DE LA INVESTIGACIÓN, EL DESARROLLO TECNOLÓGICO Y LA INNOVACIÓN|Se asigna una compensación transitoria al agente Ariel Quaranta Tarte para desempeñar funciones en el Sistema Nacional de Empleo Público. No tiene relevancia social, económica, ecológica, política ni para el ciudadano común o el trabajador promedio. Puntuación: 0/100.|0|0|0|0|0|0|0|0
23/06/2023|288753|https://www.boletinoficial.gob.ar/detalleAviso/primera/288753/20230628|AGENCIA NACIONAL DE PROMOCIÓN DE LA INVESTIGACIÓN, EL DESARROLLO TECNOLÓGICO Y LA INNOVACIÓN|"Asignan compensación transitoria a trabajador contratado en el ámbito de la investigación científica y tecnológica. Detalles en el siguiente enlace: [enlace al documento]

En el documento se asigna una compensación transitoria del 15% al agente Roberto Gaston TUMINI, equiparado remunerativamente en el Nivel B, Grado 05 del SINEP, para desempeñar funciones incorporadas por el Decreto N° 757 del 5 de noviembre de 2021 y Reglamentada por la Resolución N° 172 de la SECRETARÍA DE GESTIÓN Y EMPLEO PÚBLICO de JEFATURA DE GABINETE DE MINISTROS del 9 de Agosto de 2022. La asignación de la compensación se acordará por el ejercicio presupuestario en curso y podrá renovarse en caso de renovación de la contratación del trabajador/a. El documento fue publicado el 23/06/2023 en el Boletín Oficial de Argentina. [enlace al documento]"|0|0|0|0|0|0|0|0
23/06/2023|288754|https://www.boletinoficial.gob.ar/detalleAviso/primera/288754/20230628|AGENCIA NACIONAL DE PROMOCIÓN DE LA INVESTIGACIÓN, EL DESARROLLO TECNOLÓGICO Y LA INNOVACIÓN|Se asigna una compensación transitoria a la agente Yesica Yamila LAGO (DNI N° 34.759.664) para desempeñar funciones incorporadas por el Decreto N° 757 del 5 de noviembre de 2021 y Reglamentada por la Resolución N° 172 de la SECRETARÍA DE GESTIÓN Y EMPLEO PÚBLICO de JEFATURA DE GABINETE DE MINISTROS del 9 de Agosto de 2022. #compensacióntransitoria #personalcontratado #SINEP|0|0|0|0|0|0|0|0
23/06/2023|288755|https://www.boletinoficial.gob.ar/detalleAviso/primera/288755/20230628|AGENCIA NACIONAL DE PROMOCIÓN DE LA INVESTIGACIÓN, EL DESARROLLO TECNOLÓGICO Y LA INNOVACIÓN|Se asigna una compensación transitoria a la agente Janet Cecilia BERROCAL BIDART para desempeñar funciones en el Sistema Nacional de Empleo Público. La medida fue aprobada por la Agencia Nacional de Promoción de la Investigación, el Desarrollo Tecnológico y la Innovación. #CompensaciónTransitoria #EmpleoPúblico #SistemaNacional #Argentina|0|0|0|0|0|0|0|0
23/06/2023|288756|https://www.boletinoficial.gob.ar/detalleAviso/primera/288756/20230628|AGENCIA NACIONAL DE PROMOCIÓN DE LA INVESTIGACIÓN, EL DESARROLLO TECNOLÓGICO Y LA INNOVACIÓN|Se asigna una compensación transitoria a la agente Jessica Daniela CEJAS para desempeñar funciones en el Sistema Nacional de Empleo Público. No tiene relevancia social, económica, ecológica, política ni para el ciudadano común o el trabajador promedio. Puntuación: 0/100.|0|0|0|0|0|0|0|0
23/06/2023|288757|https://www.boletinoficial.gob.ar/detalleAviso/primera/288757/20230628|AGENCIA NACIONAL DE PROMOCIÓN DE LA INVESTIGACIÓN, EL DESARROLLO TECNOLÓGICO Y LA INNOVACIÓN|La Agencia Nacional de Promoción de la Investigación, el Desarrollo Tecnológico y la Innovación asigna una compensación transitoria a la agente Lucila TOSO ANDICOECHEA. El monto asignado es del 15% y se destina a funciones específicas. #CompensaciónTransitoria #AgenciaNacional #Investigación|0|0|0|0|0|0|0|0
23/06/2023|288758|https://www.boletinoficial.gob.ar/detalleAviso/primera/288758/20230628|AGENCIA NACIONAL DE PROMOCIÓN DE LA INVESTIGACIÓN, EL DESARROLLO TECNOLÓGICO Y LA INNOVACIÓN|Asignan compensación transitoria a agente Lucas Leonel REY en el Sistema Nacional de Empleo Público. Detalles en el documento. #compensacióntransitoria #empleopúblico #SINEP #Argentina|0|0|0|0|0|0|0|0
23/06/2023|288759|https://www.boletinoficial.gob.ar/detalleAviso/primera/288759/20230628|AGENCIA NACIONAL DE PROMOCIÓN DE LA INVESTIGACIÓN, EL DESARROLLO TECNOLÓGICO Y LA INNOVACIÓN|Se asigna una compensación transitoria al agente Mariano Javier MORA para desempeñar funciones en el Sistema Nacional de Empleo Público. No tiene relevancia social, económica, ecológica, política ni para el ciudadano común o el trabajador promedio. Puntuación: 0/100.|0|0|0|0|0|0|0|0
23/06/2023|288760|https://www.boletinoficial.gob.ar/detalleAviso/primera/288760/20230628|AGENCIA NACIONAL DE PROMOCIÓN DE LA INVESTIGACIÓN, EL DESARROLLO TECNOLÓGICO Y LA INNOVACIÓN|"Se asigna el ""Suplemento por Función Específica"" a la agente Águeda RIES CENTENO (DNI N° 31.649.474) del Sistema Nacional de Empleo Público. El suplemento corresponde al 30% y se destina a funciones de Asistente de Implementación y Planificación de Investigaciones y Proyectos de Ciencia y Tecnología."|0|0|0|0|0|0|0|0
23/06/2023|288761|https://www.boletinoficial.gob.ar/detalleAviso/primera/288761/20230628|AGENCIA NACIONAL DE PROMOCIÓN DE LA INVESTIGACIÓN, EL DESARROLLO TECNOLÓGICO Y LA INNOVACIÓN|"Se asigna el ""Suplemento por Función Específica"" a la agente María Paula CARUSO (DNI N° 25.507.998) para desempeñar funciones de Analista de Monitoreo y Gestión de Proyectos Científicos y Tecnológicos en Ejecución. El suplemento corresponde al 30% y estará vigente por el ejercicio presupuestario actual y los dos siguientes."|0|0|0|0|0|0|0|0
23/06/2023|288762|https://www.boletinoficial.gob.ar/detalleAviso/primera/288762/20230628|AUTORIDAD REGULATORIA NUCLEAR|"La Autoridad Regulatoria Nuclear otorga la Licencia de Operación para el Depósito Centralizado de Residuos Radiactivos en el Centro Atómico Bariloche. El otorgamiento de la licencia se realiza a pesar de que la Comisión Nacional de Energía Atómica adeuda el pago de la tasa regulatoria establecida por la Ley N° 24.804. #LicenciaDeOperación #ResiduosRadiactivos #CentroAtómicoBariloche #ComisiónNacionalDeEnergíaAtómica

El documento publicado en el Boletín Oficial de Argentina el 23/06/2023 informa que la Autoridad Regulatoria Nuclear ha otorgado la Licencia de Operación para el Depósito Centralizado de Residuos Radiactivos (DCRR) ubicado en el Centro Atómico Bariloche. Esta instalación tiene como objetivo centralizar el almacenamiento de los residuos radiactivos sólidos de muy bajo y bajo nivel de actividad generados en el sitio Centro Atómico Bariloche hasta que puedan ser gestionados por el Programa Nacional de Gestión de Residuos Radiactivos para su disposición final. Sin embargo, es importante destacar que la Comisión Nacional de Energía Atómica (CNEA) adeuda el pago de la tasa regulatoria establecida por la Ley N° 24.804. A pesar de esta deuda, la Autoridad Regulatoria Nuclear ha decidido otorgar la Licencia de Operación a la CNEA. Esta decisión ha generado controversia, ya que implica una excepción a lo establecido en la normativa vigente. #LicenciaDeOperación #ResiduosRadiactivos #CentroAtómicoBariloche #ComisiónNacionalDeEnergíaAtómica"|0|0|0|0|0|0|0|20
23/06/2023|288763|https://www.boletinoficial.gob.ar/detalleAviso/primera/288763/20230628|AUTORIDAD REGULATORIA NUCLEAR|"La Autoridad Regulatoria Nuclear otorga la Renovación de la Licencia de Operación a la Fundación Centro Diagnóstico Nuclear para la Instalación Clase I ""CICLOTRÓN - LABORATORIO DE PRODUCCIÓN DE RADIOFÁRMACOS"" en Buenos Aires. No se registran deudas en concepto de tasa regulatoria. #LicenciaDeOperación #InstalaciónNuclear #RenovaciónLicencia"|0|0|0|0|0|0|0|0
23/06/2023|288764|https://www.boletinoficial.gob.ar/detalleAviso/primera/288764/20230628|CONSEJO PROFESIONAL DE INGENIERÍA DE TELECOMUNICACIONES, ELECTRÓNICA Y COMPUTACIÓN|"El Consejo Profesional de Ingeniería de Telecomunicaciones, Electrónica y Computación ha aprobado las ""Recomendaciones para Diseño y Proyecto. Redes de acceso, FTTX - Recomendación COPITEC N° 1.0 FO-2023"". Este documento busca establecer un nivel de calidad mínimo para proyectos de redes de acceso ópticas. Más detalles en el enlace adjunto. #COPITEC #Recomendaciones #RedesDeAccesoÓpticas #FTTX

El Consejo Profesional de Ingeniería de Telecomunicaciones, Electrónica y Computación ha aprobado las ""Recomendaciones para Diseño y Proyecto. Redes de acceso, FTTX - Recomendación COPITEC N° 1.0 FO-2023"". Este documento tiene como objetivo establecer un nivel de calidad mínimo para proyectos de redes de acceso ópticas, siguiendo el formato UIT-T serie G. El país no cuenta con un reglamento técnico para redes de fibra óptica, por lo que estas recomendaciones servirán como guía para quienes desarrollen, construyan, diseñen, instalen y utilicen estas redes. Se busca orientar a la industria, el comercio y los servicios sobre los mejores usos, prácticas, desarrollos y diseños actualizados en materia de redes de fibra óptica. El COPITEC convocará a diversos actores del sector para que aporten sus conocimientos y experiencia en la realización de este cuerpo de recomendaciones. El documento se encuentra disponible en el enlace adjunto. #COPITEC #Recomendaciones #RedesDeAccesoÓpticas #FTTX"|0|0|0|0|0|0|0|50
23/06/2023|288765|https://www.boletinoficial.gob.ar/detalleAviso/primera/288765/20230628|INSTITUTO NACIONAL DE LA MÚSICA|"El Instituto Nacional de la Música designa a las personas beneficiarias del Concurso ""Nuevo Cancionero Federal 2023"". Más detalles en el Boletín Oficial. #INAMU #ConcursoMusical #MúsicaArgentina #CancioneroFederal"|0|0|0|0|0|0|0|0
23/06/2023|288766|https://www.boletinoficial.gob.ar/detalleAviso/primera/288766/20230628|JEFATURA DE GABINETE DE MINISTROS SECRETARÍA DE GESTIÓN Y EMPLEO PÚBLICO|Se aprueban las bases del concurso para cubrir 81 cargos vacantes en el Ministerio de Desarrollo Territorial y Hábitat. El proceso de selección se llevará a cabo del 10 al 19 de julio de 2023. Más información en http://www.argentina.gob.ar/concursar. #empleopúblico #concurso #MinisterioDesarrolloTerritorial|0|0|0|0|0|0|0|0
23/06/2023|288767|https://www.boletinoficial.gob.ar/detalleAviso/primera/288767/20230628|MINISTERIO DE CULTURA|"El Ministerio de Cultura adjudica los premios del 2º Concurso ""Maneras de Habitar el Mundo. Cultura para las Infancias en el Kirchner"" para el ciclo 2023. Más detalles en el Boletín Oficial. #Cultura #Concurso #Premios #Infancias"|0|0|0|0|0|0|0|0
